event_name,date_time,venue,platform,description,event_url,latitude,longitude,start_time,end_time,price
Forgotten Club Banger Party,"Sat, May 10, 2025 at 10:00 PM","2785 Euclid Heights Blvd, Cleveland, OH",Eventbrite,Dance to throwback hits all night long,https://eventbrite.com/forgotten-party,41.5083,-81.5804,2025-05-10T22:00:00-04:00,2025-05-11T02:00:00-04:00,$15
Forgotten Club Banger Party,"Sat, May 10, 2025 at 10:00 PM","2785 Euclid Heights Blvd, Cleveland, OH",StubHub,The ultimate 2000s party returns!,https://stubhub.com/forgotten-party,41.5083,-81.5804,2025-05-10T22:00:00-04:00,2025-05-11T02:00:00-04:00,$12
Forgotten Club Banger Party,"Sat, May 10, 2025 at 10:00 PM","2785 Euclid Heights Blvd, Cleveland, OH",Ticketmaster,Celebrate the golden age of club music,https://ticketmaster.com/forgotten-party,41.5083,-81.5804,2025-05-10T22:00:00-04:00,2025-05-11T02:00:00-04:00,$13.50
Forgotten Club Banger Party,"Sat, May 10, 2025 at 10:00 PM","2785 Euclid Heights Blvd, Cleveland, OH",Tixr,Don’t miss the club event of the year,https://tixr.com/forgotten-party,41.5083,-81.5804,2025-05-10T22:00:00-04:00,2025-05-11T02:00:00-04:00,$11.75
